{"cameraMode":{"drawMode":0,"name":"Shaded","section":"Shading Mode"},"sceneLighting":true,"audioPlay":false,"sceneViewState":{"showFog":true,"showMaterialUpdate":false,"showSkybox":true,"showFlares":true,"showImageEffects":true,"showParticleSystems":true},"in2DMode":false,"pivot":{"x":-33.24034118652344,"y":18.863107681274415,"z":30.98849105834961},"rotation":{"x":0.004820004105567932,"y":0.8551885485649109,"z":-0.5182336568832398,"w":0.007953248918056488},"size":4.788275718688965,"orthographic":false}