{"cameraMode":{"drawMode":0,"name":"Shaded","section":"Shading Mode"},"sceneLighting":true,"audioPlay":false,"sceneViewState":{"showFog":true,"showMaterialUpdate":false,"showSkybox":true,"showFlares":true,"showImageEffects":true,"showParticleSystems":true},"in2DMode":false,"pivot":{"x":-40.415584564208987,"y":6.958597183227539,"z":13.6378755569458},"rotation":{"x":0.1268123984336853,"y":0.7010606527328491,"z":-0.12888289988040925,"w":0.6897984743118286},"size":2.9882752895355226,"orthographic":false}